<?xml version="1.0" encoding="UTF-8"?>
<project-private xmlns="http://www.netbeans.org/ns/project-private/1">
    <editor-bookmarks xmlns="http://www.netbeans.org/ns/editor-bookmarks/2" lastBookmarkId="0"/>
    <open-files xmlns="http://www.netbeans.org/ns/projectui-open-files/2">
        <group>
            <file>file:/C:/Users/USER/Documents/NetBeansProjects/LabProject/src/labproject/Frame3.java</file>
            <file>file:/C:/Users/USER/Documents/NetBeansProjects/LabProject/src/labproject/Frame2.java</file>
            <file>file:/C:/Users/USER/Documents/NetBeansProjects/LabProject/src/labproject/Frame4.java</file>
            <file>file:/C:/Users/USER/Documents/NetBeansProjects/LabProject/src/labproject/LogIn.java</file>
            <file>file:/C:/Users/USER/Documents/NetBeansProjects/LabProject/src/labproject/Frame.java</file>
            <file>file:/C:/Users/USER/Documents/NetBeansProjects/LabProject/src/labproject/Frame1.java</file>
        </group>
    </open-files>
</project-private>
